{
  "lang":"en",
  "name":"pipeline",
  "version":"0.0.0",
  "spacy_version":">=3.0.6,<3.1.0",
  "description":"",
  "author":"",
  "email":"",
  "url":"",
  "license":"",
  "spacy_git_version":"df3444421",
  "vectors":{
    "width":0,
    "vectors":0,
    "keys":0,
    "name":null
  },
  "labels":{
    "tok2vec":[

    ],
    "ner":[
      "LOC",
      "MISC",
      "ORG",
      "PER"
    ]
  },
  "pipeline":[
    "tok2vec",
    "ner"
  ],
  "components":[
    "tok2vec",
    "ner"
  ],
  "disabled":[

  ],
  "performance":{
    "ents_per_type":{
      "PER":{
        "p":0.9030053943,
        "r":0.8939578883,
        "f":0.8984588647
      },
      "LOC":{
        "p":0.8137401938,
        "r":0.8444777013,
        "f":0.8288240651
      },
      "ORG":{
        "p":0.7915284511,
        "r":0.6668816511,
        "f":0.7238784202
      },
      "MISC":{
        "p":0.6917342212,
        "r":0.7118808194,
        "f":0.7016629345
      }
    },
    "ents_f":0.8072309655,
    "ents_p":0.8116499872,
    "ents_r":0.802859802,
    "tok2vec_loss":1178.6617697477,
    "ner_loss":1507.7644643391
  }
}